Cotton Fabric, 2025-05-01T01:00:00, 25
Linen Textile, 2025-05-02T09:30:00, 30
Silk Blend, 2025-05-03T14:15:00, 0
Wool Yarn, 2025-05-04T11:45:00, 40
Polyester Fiber, 2025-05-05T08:00:00, 20
Rayon Material, 2025-05-06T16:20:00, 35
Denim Cloth, 2025-05-07T12:55:00, 10
Velvet Fabric, 2025-05-08T19:10:00, 45
Satin Material, 2025-05-09T03:30:00, 28
Spandex Blend, 2025-05-10T17:05:00, 18
Georgette Fabric, 2025-05-11T10:20:00, 32
Chiffon Textile, 2025-05-12T22:40:00, 12
Twill Fabric, 2025-05-13T06:10:00, 22
Jersey Knit, 2025-05-14T13:50:00, 38
Fleece Material, 2025-05-15T00:20:00, 17
Brocade Fabric, 2025-05-16T07:55:00, 27
Taffeta Silk, 2025-05-17T15:30:00, 33
Canvas Cloth, 2025-05-18T02:00:00, 0
Crepe Fabric, 2025-05-19T18:40:00, 23
Poplin Textile, 2025-05-20T05:15:00, 39
Muslin Fabric, 2025-05-21T12:30:00, 19
Gabardine Cloth, 2025-05-22T20:00:00, 31
Organza Silk, 2025-05-23T03:45:00, 13
Seersucker Fabric, 2025-05-24T11:10:00, 26
Corduroy Textile, 2025-05-25T19:00:00, 16
Tricot Knit, 2025-05-26T04:20:00, 36
Lace Material, 2025-05-27T17:55:00, 24
Quilting Cotton, 2025-05-28T09:00:00, 29
Terry Cloth, 2025-05-29T16:30:00, 21
Flannel Fabric, 2025-05-30T01:00:00, 34
